crianca,grupo,antes,depois,ganho,leitura_min,palavras,atraso_fim
1,intervencao,78.0,83.0,5.0,19.0,11.0,sim
2,lista_espera,80.0,77.0,-3.0,25.0,32.0,sim
3,lista_espera,71.0,87.0,16.0,14.0,46.0,nao
4,lista_espera,80.0,88.0,8.0,19.0,60.0,nao
5,intervencao,78.0,93.0,15.0,24.0,60.0,nao
6,lista_espera,73.0,83.0,10.0,6.0,25.0,sim
7,intervencao,70.0,81.0,11.0,3.0,31.0,sim
8,intervencao,69.0,88.0,19.0,20.0,19.0,nao
9,intervencao,77.0,105.0,28.0,19.0,62.0,nao
10,intervencao,80.0,84.0,4.0,14.0,33.0,sim
11,lista_espera,72.0,71.0,-1.0,21.0,45.0,sim
12,intervencao,81.0,88.0,7.0,26.0,80.0,nao
13,intervencao,76.0,71.0,-5.0,16.0,13.0,sim
14,intervencao,84.0,66.0,-18.0,16.0,39.0,sim
15,lista_espera,74.0,81.0,7.0,38.0,81.0,sim
16,intervencao,71.0,84.0,13.0,25.0,35.0,sim
17,intervencao,79.0,80.0,1.0,12.0,43.0,sim
18,intervencao,74.0,78.0,4.0,34.0,42.0,sim
19,lista_espera,73.0,74.0,1.0,12.0,3.0,sim
20,intervencao,77.0,86.0,9.0,5.0,15.0,nao
21,intervencao,84.0,102.0,18.0,10.0,34.0,nao
22,lista_espera,84.0,69.0,-15.0,25.0,37.0,sim
23,intervencao,68.0,93.0,25.0,10.0,42.0,nao
24,intervencao,84.0,89.0,5.0,28.0,49.0,nao
25,intervencao,79.0,92.0,13.0,12.0,3.0,nao
26,lista_espera,67.0,64.0,-3.0,21.0,46.0,sim
27,lista_espera,81.0,93.0,12.0,16.0,42.0,nao
28,lista_espera,75.0,81.0,6.0,21.0,65.0,sim
29,lista_espera,71.0,77.0,6.0,22.0,3.0,sim
30,lista_espera,72.0,92.0,20.0,24.0,54.0,nao
31,lista_espera,78.0,72.0,-6.0,20.0,41.0,sim
32,intervencao,68.0,80.0,12.0,6.0,30.0,sim
33,lista_espera,69.0,66.0,-3.0,23.0,23.0,sim
34,lista_espera,73.0,72.0,-1.0,29.0,52.0,sim
35,intervencao,75.0,92.0,17.0,16.0,46.0,nao
36,intervencao,67.0,91.0,24.0,17.0,46.0,nao
37,intervencao,83.0,88.0,5.0,31.0,58.0,nao
38,intervencao,84.0,82.0,-2.0,19.0,33.0,sim
39,intervencao,80.0,103.0,23.0,2.0,30.0,nao
40,intervencao,76.0,69.0,-7.0,23.0,19.0,sim
41,lista_espera,84.0,78.0,-6.0,16.0,48.0,sim
42,intervencao,68.0,66.0,-2.0,19.0,29.0,sim
43,intervencao,71.0,79.0,8.0,16.0,56.0,sim
44,lista_espera,83.0,88.0,5.0,0.0,33.0,nao
45,intervencao,83.0,80.0,-3.0,31.0,67.0,sim
46,lista_espera,81.0,72.0,-9.0,23.0,14.0,sim
47,lista_espera,83.0,92.0,9.0,14.0,63.0,nao
48,lista_espera,78.0,84.0,6.0,10.0,9.0,sim
49,lista_espera,75.0,104.0,29.0,26.0,63.0,nao
50,lista_espera,76.0,88.0,12.0,11.0,53.0,nao
51,lista_espera,81.0,76.0,-5.0,15.0,3.0,sim
52,intervencao,70.0,71.0,1.0,35.0,27.0,sim
53,intervencao,84.0,88.0,4.0,1.0,8.0,nao
54,lista_espera,79.0,82.0,3.0,13.0,34.0,sim
55,lista_espera,73.0,67.0,-6.0,13.0,35.0,sim
56,lista_espera,75.0,75.0,0.0,0.0,33.0,sim
57,lista_espera,73.0,54.0,-19.0,5.0,14.0,sim
58,lista_espera,79.0,87.0,8.0,0.0,32.0,nao
